{"cameraMode":{"drawMode":0,"name":"Shaded","section":"Shading Mode"},"sceneLighting":true,"audioPlay":false,"sceneViewState":{"m_AlwaysRefresh":false,"showFog":true,"showSkybox":true,"showFlares":true,"showImageEffects":true,"showParticleSystems":true,"showVisualEffectGraphs":true,"m_FxEnabled":true},"in2DMode":false,"pivot":{"x":9.601287841796875,"y":-268.20928955078127,"z":5.6791839599609379},"rotation":{"x":0.4313185214996338,"y":-0.09255716949701309,"z":0.044538792222738269,"w":0.8963268399238586},"size":416.5188293457031,"orthographic":false}